<?xml version='1.0' encoding='utf-8'?>

<root>
    <pool name="game">
        <property name="name" value="game"/>
        <property name="url"
                  value="jdbc:mysql://49.51.69.41:8601/pool_test?useSSL=false&amp;serverTimezone=GMT&amp;allowPublicKeyRetrieval=true&amp;autoReconnect=true&amp;useUnicode=true&amp;characterEncoding=UTF-8&amp;rewriteBatchedStatements=true"/>
        <property name="username" value="game"/>
        <property name="password" value="Pool-Sandbox-Game"/>
        <property name="initialSize" value="1"/><!--初始连接数-->
        <property name="minIdle" value="10"/><!--最小连接数-->
        <property name="maxActive" value="100"/><!--最大连接数-->
        <property name="maxWait" value="60000"/><!--获取连接的的等待时间-->
        <property name="timeBetweenEvictionRunsMillis" value="60000"/><!--配置间隔多久才进行一次检测，检测需要关闭的空闲连接，单位是毫秒-->
        <property name="minEvictableIdleTimeMillis" value="180000"/><!--配置一个连接在池中最小生存的时间，单位是毫秒-->
        <property name="validationQuery" value="SELECT 'x'"/><!--连接验证sql-->
        <property name="keepAlive" value="true"/>
        <property name="testWhileIdle" value="true"/>
        <property name="testOnBorrow" value="false"/>
        <property name="testOnReturn" value="false"/>
        <property name="poolPreparedStatements" value="true"/><!--打开PSCache-->
        <property name="maxPoolPreparedStatementPerConnectionSize" value="100"/><!--指定每个连接上PSCache的大小-->
        <property name="filters" value="stat,log4j"/>
        <property name="connectionProperties" value="druid.stat.mergeSql=true"/>
        <property name="removeAbandoned" value="true"/>
        <property name="removeAbandonedTimeout" value="180"/>
        <property name="logAbandoned" value="true"/>
    </pool>
    <pool name="readonly">
        <property name="name" value="readonly"/>
        <property name="url"
                  value="jdbc:mysql://49.51.69.41:8601/pool_test?useSSL=false&amp;serverTimezone=GMT&amp;allowPublicKeyRetrieval=true&amp;autoReconnect=true&amp;useUnicode=true&amp;characterEncoding=UTF-8&amp;rewriteBatchedStatements=true"/>
        <property name="username" value="game"/>
        <property name="password" value="Pool-Sandbox-Game"/>
        <property name="initialSize" value="1"/><!--初始连接数-->
        <property name="minIdle" value="10"/><!--最小连接数-->
        <property name="maxActive" value="100"/><!--最大连接数-->
        <property name="maxWait" value="60000"/><!--获取连接的的等待时间-->
        <property name="timeBetweenEvictionRunsMillis" value="60000"/><!--配置间隔多久才进行一次检测，检测需要关闭的空闲连接，单位是毫秒-->
        <property name="minEvictableIdleTimeMillis" value="180000"/><!--配置一个连接在池中最小生存的时间，单位是毫秒-->
        <property name="validationQuery" value="SELECT 'x'"/><!--连接验证sql-->
        <property name="keepAlive" value="true"/>
        <property name="testWhileIdle" value="true"/>
        <property name="testOnBorrow" value="false"/>
        <property name="testOnReturn" value="false"/>
        <property name="poolPreparedStatements" value="true"/><!--打开PSCache-->
        <property name="maxPoolPreparedStatementPerConnectionSize" value="100"/><!--指定每个连接上PSCache的大小-->
        <property name="filters" value="stat,log4j"/>
    </pool>
    <pool name="log">
        <property name="name" value="log"/>
        <property name="url"
                  value="jdbc:mysql://49.51.69.41:8601/pool_test_log?useSSL=false&amp;serverTimezone=GMT&amp;allowPublicKeyRetrieval=true&amp;autoReconnect=true&amp;useUnicode=true&amp;characterEncoding=UTF-8&amp;rewriteBatchedStatements=true"/>
        <property name="username" value="game"/>
        <property name="password" value="Pool-Sandbox-Game"/>
        <property name="initialSize" value="1"/>
        <property name="minIdle" value="1"/>
        <property name="maxActive" value="5"/>
        <property name="keepAlive" value="true"/>
        <property name="maxWait" value="60000"/>
        <property name="timeBetweenEvictionRunsMillis" value="60000"/>
        <property name="minEvictableIdleTimeMillis" value="300000"/>
        <property name="validationQuery" value="SELECT 'shotTurn'"/>
        <property name="testWhileIdle" value="true"/>
        <property name="testOnBorrow" value="false"/>
        <property name="testOnReturn" value="false"/>
        <property name="poolPreparedStatements" value="true"/>
        <property name="maxPoolPreparedStatementPerConnectionSize" value="100"/>
        <property name="filters" value="stat"/>
    </pool>
</root>
